Workbook

Sheet Total
A1: Semana | B1: Análisis | C1: Diseño | D1: Codificación | E1: Validación y Verificación | F1: Documentación | G1: Actividades Externas | H1: Total x iteración | I1: Etapa
A2: 1 | B2: =Registro!B15 -> 0.49290509 | C2: =Registro!D14 | D2: =Registro!F3 -> 0.034872685 | E2: =Registro!H15 | F2: =Registro!J15 -> 0.43668981 | G2: =Registro!L15 -> 0 | H2: =SUM(Total!$B2:$G2) -> 0.96446759 | I2: Inicio
A3: 2 | B3: =Registro!B38 -> 0.40428241 | C3: 0 | D3: =Registro!F38 -> 0.689375 | E3: =Registro!H38 -> 0.024143519 | F3: =Registro!J38 -> 0.026481481 | G3: =Registro!L38 -> 0.031631944 | H3: =SUM(Total!$B3:$G3) -> 1.1759144 | I3: Inicio
A4: 3 | B4: =Registro!B59 -> 0.48795139 | C4: =Registro!D59 | D4: =Registro!F59 -> 0.23333333 | E4: =Registro!H59 -> 0 | F4: =Registro!J59 -> 0.21858796 | G4: =Registro!L59 -> 0.161875 | H4: =SUM(Total!$B4:$G4) -> 1.1017477 | I4: Inicio /Etapa de Elaboración Iteración 1
A5: 4 | B5: =Registro!B75 -> 0.62868056 | C5: =Registro!D75 -> 0.024421296 | D5: =Registro!F75 -> 0.092372685 | E5: =Registro!H75 -> 0.17800926 | F5: =Registro!J75 -> 0.23048611 | H5: =SUM(Total!$B5:$G5) -> 1.1539699 | I5: Elaboración Iteración 1
A6: 5 | B6: =Registro!B86 -> 0.39791667 | C6: 1.5628356 | E6: 0.013888889 | F6: =Registro!J86 -> 0.21805556 | G6: =Registro!L86 -> 0.033333333 | H6: =SUM(Total!$B6:$G6) -> 2.2260301 | I6: Elaboración-Iteración 2
A7: 6 | B7: =Registro!B93 -> 0.083333333 | C7: =Registro!D93 -> 0.67105324 | D7: =Registro!F93 -> 0.87708333 | E7: =Registro!H93 -> 0.30710648 | F7: =Registro!J93 -> 0.0034722222 | G7: =Registro!L93 -> 0.42394676 | H7: =SUM(Total!$B7:$G7) -> 2.3659954 | I7: Elaboración-Iteración 2
A8: 7 | B8: =Registro!B102 -> 0.068055556 | C8: =Registro!D102 -> 0.81784722 | F8: =Registro!J102 -> 0.40866898 | H8: =SUM(B8:G8) -> 1.2945718 | I8: Elaboración-Iteración 2 - Construcción iteración 1
A9: 8 | B9: =Registro!B113 -> 0.27986111 | C9: =Registro!D113 -> 0.78158565 | D9: =Registro!F113 -> 0.27569444 | F9: =Registro!J113 -> 0.58173611 | G9: =Registro!L113 -> 0.3125 | H9: =SUM(B9:G9) -> 2.2313773 | I9: Construcción-Iteración 1
A10: 9 | B10: =Registro!B137 -> 0.3587963 | C10: =Registro!D137 -> 0.22923611 | D10: =Registro!F137 -> 1.3832407 | E10: =Registro!H137 -> 0.44803241 | F10: =Registro!J137 -> 0.48211806 | G10: =Registro!L137 -> 0.30208333 | H10: =SUM(B10:G10) -> 3.2035069 | I10: Construcción-Iteración 1
A11: Total | B11: =SUM(B2:B10) -> 3.2017824 | C11: =SUM(C2:C10) -> 4.0869792 | D11: =SUM(D2:D10) -> 3.5859722 | E11: =SUM(E2:E10) -> 0.97118056 | F11: =SUM(F2:F10) -> 2.6062963 | G11: =SUM(G2:G10) -> 1.2653704 | H11: =SUM(Total!$B11:$G11) -> 15.717581

Sheet Registro
B1: Análisis | D1: Diseño | F1: Codificación | H1: Validación y Verificación | J1: Documentación | L1: Actividades Externas
A2: Tarea | B2: Semana 1 | C2: Tarea | E2: Tarea | G2: Tarea | I2: Tarea | K2: Tarea
A3: Modelo de negocio | B3: 0.057835648 | E3: Creación de repositorio | F3: 0.034872685 | I3: desgrabación entrevista | J3: 0.077083333
A4: Modelo de negocio | B4: 0.00011574074 | I4: Pasar en limpio notas de la entrevista 1 | J4: 0.061111111
A5: - | B5: 0.042731481 | I5: documento Resumen entrevista | J5: 0.019791667
A6: - | B6: 0.0029398148 | I6: documento Resumen entrevista | J6: 0.039780093
A7: Estudio de Factibilidad | B7: 0.066076389 | I7: Estudio Factibilidad | J7: 0.079861111
A8: Estandares | B8: 0.065185185 | I8: documento de entrevistas y presentación | J8: 0.035150463
A9: Estudio Factibilidad | B9: 0.079861111 | I9: Estudio de Factibilidad | J9: 0.066076389
A10: documento Resumen entrevista | B10: 0.019791667 | I10: Modelo de negocio | J10: 0.057835648
A11: documento Resumen entrevista | B11: 0.039780093
A12: desgrabacion | B12: 0.028356481
A13: Desgrabacion de entrevista | B13: 0.013148148
A14: desgrabación entrevista | B14: 0.077083333
A15: Total | B15: =SUM(B3:B14) -> 0.49290509 | F15: =SUM(F3:F14) -> 0.034872685 | J15: =SUM(J3:J14) -> 0.43668981 | L15: =SUM(L3:L14) -> 0
B16: Análisis | D16: Diseño | F16: Codificación | H16: Validación y Verificación | J16: Documentación | L16: Actividades Externas
A17: Tarea | B17: Semana 2 | C17: Tarea | E17: Tarea | G17: Tarea | I17: Tarea | K17: Tarea
A18: Modelo de negocio | B18: 0.038310185 | E18: Creación de repositorio - Ramas | F18: 0.080347222 | G18: Revisión de documentos | H18: 0.0039814815
A19: - | B19: 0.02244213 | E19: Uargflow a Spring | F19: 0.60902778 | G19: Revisión de documentos | H19: 0.0034143519 | J19: 0.017175926 | K19: Grabar uargflow | L19: 0.03150463
A20: - | B20: 0.016608796 | G20: Revisión de documentos | H20: 0.016747685 | I20: Pasar correcciones | J20: 0.0093055556 | K20: Grabar uargflow | L20: 0.00012731481
A21: - | B21: 0.018761574
A22: - | B22: 0.074247685
A23: - | B23: 0.047789352
A24: - | B24: 0.035046296
A25: - | B25: 0.0080208333
A26: - | B26: 0.010416667
A27: - | B27: 0.013125
A28: - | B28: 0.019143519
A29: - | B29: 0.0093055556
A30: - | B30: 0.041446759
A31: - | B31: 0.0016782407
A32: - | B32: 1.1574074e-05
... A37: Modelo de negocio | B37: 0.017175926
A38: Total | B38: =SUM(B18:B37) -> 0.40428241 | F38: =SUM(F17:F36) -> 0.689375 | H38: =SUM(H18:H36) -> 0.024143519 | J38: =SUM(J18:J36) -> 0.026481481 | L38: =SUM(L18:L36) -> 0.031631944
B39: Análisis | D39: Diseño | F39: Codificación | H39: Validación y Verificación | J39: Documentación | L39: Actividades Externas
A40: Tarea | B40: Semana 3 | C40: Tarea | E40: Tarea | G40: Tarea | I40: Tarea | K40: Tarea
A41: - | B41: 0.041284722 | F41: 0.23333333 | I41: Plan SQA | J41: 0.057546296 | K41: Pasado de notas reunion | L41: 0.016446759
A42: - | B42: 0.041134259 | I42: Plan SQA | J42: 0.019178241 | K42: Primer Reunión | L42: 0.10934028
A43: - | B43: 0.034236111 | I43: Plan SQA | J43: 0.01525463 | K43: - | L43: 0.036087963
A44: - | B44: 0.029768519 | I44: Plan SQA | J44: 0.0047222222
A45: - | B45: 0.0078125 | I45: Plan SQA | J45: 0.00016203704
A46: - | B46: 0.018101852 | I46: Plan SQA | J46: 0.0046875
A47: - | B47: 0.00015046296 | I47: Plan SQA | J47: 0.012094907
A48: - | B48: 0.00024305556 | I48: Plan SQA | J48: 0.02900463
A49: - | B49: 0.011412037 | I49: Plan SQA | J49: 0.027962963
A50: - | B50: 0.019131944 | I50: Plan SQA | J50: 0.016400463
A51: - | B51: 0.026516204 | I51: Plan SQA | J51: 0.031574074
A52: - | B52: 0.045173611
A53: HASTA ACA ETAPA DE INICIO
A54: - | B54: 0.1352662
A55: - | B55: 0.03125
A56: - | B56: 0.027662037
A57: - | B57: 0.0002662037
A58: - | B58: 0.018541667
A59: Total | B59: =SUM(B41:B58) -> 0.48795139 | F59: =SUM(F41:F58) -> 0.23333333 | H59: =SUM(H41:H51) -> 0 | J59: =SUM(J41:J58) -> 0.21858796 | L59: =SUM(L41:L58) -> 0.161875
B60: Análisis | D60: Diseño | F60: Codificación | H60: Validación y Verificación | J60: Documentación | L60: Actividades Externas
A61: Tarea | B61: Semana 4 | C61: Tarea | E61: Tarea | G61: Tarea | I61: Tarea | K61: Tarea
A62: - | B62: 0.0028703704 | D62: 0.024421296 | F62: 0.092372685 | G62: - | H62: 0.16012731 | I62: - | J62: 0.1171412
A63: - | B63: 0.16708333 | G63: Revisión | H63: 0.017881944 | I63: - | J63: 0.050949074
A64: - | B64: 0.017164352 | I64: Realizando el documento | J64: 0.062395833
A65: - | B65: 0.014085648
A66: Realizando el documento | B66: 0.062395833
A67: - | B67: 0.10212963
A68: - | B68: 0.022731481
A69: - | B69: 0.00038194444
A70: - | B70: 0.011099537
A71: - | B71: 0.019965278
A72: - | B72: 0.10784722
A73: - | B73: 0.04087963
A74: - | B74: 0.060046296
A75: Total | B75: =SUM(B62:B74) -> 0.62868056 | D75: =SUM(D62:D74) -> 0.024421296 | F75: =SUM(F62:F74) -> 0.092372685 | H75: =SUM(H62:H74) -> 0.17800926 | J75: =SUM(J62:J74) -> 0.23048611
B76: Análisis | D76: Diseño | F76: Codificación | H76: Validación y Verificación | J76: Documentación | L76: Actividades Externas
A77: Tarea | B77: Semana 5 | C77: Tarea | E77: Tarea | G77: Tarea | I77: Tarea | K77: Tarea
A78: Estimación fase de elaboración iteración 2 | B78: 0.125 | C78: Primer prototipo funcional | D78: 0.11513889 | H78: 0.013888889 | I78: Modelo de casos de uso | J78: 0.083333333 | K78: Estudio y análisis de Toggl Track API | L78: 0.033333333
A79: Redefinición de Métricas | B79: 0.069444444 | C79: Primer prototipo funcional | D79: 0.56388889 | I79: Modelo de casos de uso | J79: 0.093055556
A80: Estimación fase de elaboración iteración 2 | B80: 0.0625 | C80: Primer prototipo funcional | D80: 0.19444444 | I80: Redefinición de casos de uso | J80: 0.041666667
A81: Estimación fase de elaboración iteración 2 | B81: 0.083333333
A82: Identificación y evaluación de riesgos | B82: 0.057638889
A86: Total | B86: =SUM(B78:B85) -> 0.39791667 | D86: =SUM(D78:D83) -> 0.87347222 | H86: =SUM(H78:H85) -> 0.013888889 | J86: =SUM(J78:J85) -> 0.21805556 | L86: =SUM(L78:L80) -> 0.033333333
B87: Análisis | D87: Diseño | F87: Codificación | H87: Validación y Verificación | J87: Documentación | L87: Actividades Externas
A88: Tarea | B88: Semana 6 | C88: Tarea | E88: Tarea | G88: Tarea | I88: Tarea | K88: Tarea
B89: 0.083333333 | C89: Inicio de modelo de diseño | D89: 0.17631944 | E89: Implementación UARGFlow Funcional | F89: 0.39791667 | G89: Plan de pruebas | H89: 0.10641204 | I89: Implementación UARGFlow Funcional (Video) | J89: 0.0034722222 | K89: Capacitación sobre el uso de lenguajes, tecnologías y herramientas a implementar. | L89: 0.125
C90: Modelo de datoos (BD) | D90: 0.16666667 | E90: Implementación UARGFlow Funcional | F90: 0.35416667 | G90: Revisión Técnica Formal: Plan de Pruebas | H90: 0.13541667 | K90: Capacitación sobre el uso de lenguajes, tecnologías y herramientas a implementar. | L90: 0.0625
C91: Modelo de datos (BD) | D91: 0.32806713 | E91: Implementación UARGFlow Funcional | F91: 0.125 | G91: Plan de pruebas | H91: 0.065277778 | K91: Realización de excel de registro de tiempos y gráficos | L91: 0.23644676
A93: Total | B93: =SUM(B89) -> 0.083333333 | D93: =SUM(D89:D92) -> 0.67105324 | F93: =SUM(F89:F91) -> 0.87708333 | H93: =SUM(H89:H91) -> 0.30710648 | J93: =SUM(J89) -> 0.0034722222 | L93: =SUM(L89:L91) -> 0.42394676
B94: Análisis | D94: Diseño | F94: Codificación | H94: Validación y Verificación | J94: Documentación | L94: Actividades Externas
A95: Tarea | B95: Semana 7 | C95: Tarea | E95: Tarea | G95: Tarea | I95: Tarea | K95: Tarea
A96: Estimación | B96: 0.020833333 | C96: Prototipo final | D96: 0.5 | I96: Cierre Fase Elaboración - Iteración 2 | J96: 0.022222222
A97: Riesgos | B97: 0.047222222 | C97: Modelo Arquitectonico | D97: 0.034201389 | I97: Plan de Iteración Fase Construcción Iteración 1 | J97: 0.068599537
C98: Modelo Arquitectonico | D98: 0.030173611 | I98: Modelo Arquitectónico | J98: 0.19097222
C99: Modelo Arquitectonico | D99: 0.0625 | I99: Modelo Arquitectonico | J99: 0.034201389
C100: Modelo Arquitectónico | D100: 0.19097222 | I100: Modelo Arquitectonico | J100: 0.030173611
I101: Modelo Arquitectonico | J101: 0.0625
A102: Total | B102: =SUM(B96:B101) -> 0.068055556 | D102: =SUM(D96:D101) -> 0.81784722 | J102: =SUM(J96:J101) -> 0.40866898
B103: Análisis | D103: Diseño | F103: Codificación | H103: Validación y Verificación | J103: Documentación | L103: Actividades Externas
A104: Tarea | B104: Semana 8 | C104: Tarea | E104: Tarea | G104: Tarea | I104: Tarea | K104: Tarea
A105: Riesgos | B105: 0.047222222 | C105: Modelo Arquitectonico | D105: 0.034201389 | E105: Aplicando angular al CU 01 | F105: 0.27569444 | I105: Modelo Arquitectónico | J105: 0.19097222 | L105: 0.076388889
C106: Modelo Arquitectonico | D106: 0.030173611 | I106: Diagrama de componentes | J106: 0.03125 | K106: Creación y modificación de gráficos obligatorios | L106: 0.041666667
A107: Priorización e Inicio del Diseño – 1° tanda Casos de Uso | B107: 0.23263889 | C107: Modelo Arquitectonico | D107: 0.0625 | I107: Modelo Arquitectonico | J107: 0.034201389 | K107: Modificación de excel para gráfico de registro de tiempos | L107: 0.19444444
C108: Modelo de Diseño (Clases y Componentes) | D108: 0.30763889 | I108: Modelo Arquitectonico | J108: 0.030173611
...

Sheet Semanas
B3: Semana | C3: Fecha de inicio | D3: Fecha de fin
B4: 1 | C4: 45895 | D4: 45902
B5: 2 | C5: 45902 | D5: 45909
B6: 3 | C6: 45909 | D6: 45916
B7: 4 | C7: 45916 | D7: 45923
B8: 5 | C8: 45923 | D8: 45930
B9: 6 | C9: 45930 | D9: 45937
B10: 7 | C10: 45937 | D10: 45944
B11: 8 | C11: 45944 | D11: 45951
B12: 9 | C12: 45951 | D12: 45958
B13: 10 | C13: 45958 | D13: 45965
